{"cameraMode":{"drawMode":0,"name":"Shaded","section":"Shading Mode"},"sceneLighting":false,"audioPlay":false,"sceneViewState":{"showFog":true,"showMaterialUpdate":false,"showSkybox":false,"showFlares":true,"showImageEffects":true,"showParticleSystems":true},"in2DMode":false,"pivot":{"x":0.0,"y":0.20585095882415772,"z":13.015701293945313},"rotation":{"x":0.1768699586391449,"y":-0.7506408095359802,"z":0.5964083671569824,"w":0.22260837256908418},"size":60.23231506347656,"orthographic":false}