{"cameraMode":{"drawMode":0,"name":"Shaded","section":"Shading Mode"},"sceneLighting":false,"audioPlay":false,"sceneViewState":{"showFog":true,"showMaterialUpdate":false,"showSkybox":false,"showFlares":true,"showImageEffects":true,"showParticleSystems":true},"in2DMode":false,"pivot":{"x":-7.850969314575195,"y":2.119485378265381,"z":18.817537307739259},"rotation":{"x":0.09911118447780609,"y":-0.6170719861984253,"z":0.0787077322602272,"w":0.7766953706741333},"size":2.2581934928894045,"orthographic":false}