{"cameraMode":{"drawMode":0,"name":"Shaded","section":"Shading Mode"},"sceneLighting":true,"audioPlay":false,"sceneViewState":{"showFog":true,"showMaterialUpdate":true,"showSkybox":true,"showFlares":true,"showImageEffects":true,"showParticleSystems":true},"in2DMode":false,"pivot":{"x":8.853466987609864,"y":53.392845153808597,"z":-11.961557388305664},"rotation":{"x":-0.11350686848163605,"y":0.004344284534454346,"z":0.0004254799277987331,"w":-0.9938040375709534},"size":18.245229721069337,"orthographic":false}