{"cameraMode":{"drawMode":0,"name":"Shaded","section":"Shading Mode"},"sceneLighting":false,"audioPlay":false,"sceneViewState":{"showFog":true,"showMaterialUpdate":false,"showSkybox":false,"showFlares":true,"showImageEffects":true,"showParticleSystems":true},"in2DMode":false,"pivot":{"x":12.112602233886719,"y":19.916580200195314,"z":3.5040359497070314},"rotation":{"x":-0.2304016351699829,"y":-0.5229783654212952,"z":0.14987029135227204,"w":-0.8069055676460266},"size":54.041908264160159,"orthographic":false}