{"cameraMode":{"drawMode":0,"name":"Shaded","section":"Shading Mode"},"sceneLighting":false,"audioPlay":false,"sceneViewState":{"showFog":true,"showMaterialUpdate":false,"showSkybox":false,"showFlares":true,"showImageEffects":true,"showParticleSystems":true},"in2DMode":false,"pivot":{"x":29.946582794189454,"y":1.2818336486816407,"z":14.715660095214844},"rotation":{"x":-0.002952397568151355,"y":-0.5228063464164734,"z":0.0026850400026887657,"w":-0.8525720238685608},"size":46.53192901611328,"orthographic":false}