{"cameraMode":{"drawMode":0,"name":"Shaded","section":"Shading Mode"},"sceneLighting":false,"audioPlay":false,"sceneViewState":{"showFog":true,"showMaterialUpdate":false,"showSkybox":false,"showFlares":true,"showImageEffects":true,"showParticleSystems":true},"in2DMode":false,"pivot":{"x":-2.304877519607544,"y":-5.448642730712891,"z":-0.5450336933135986},"rotation":{"x":-0.3283527195453644,"y":0.6702191233634949,"z":-0.4371837079524994,"w":-0.5020661354064941},"size":9.035572052001954,"orthographic":false}