{"cameraMode":{"drawMode":0,"name":"Shaded","section":"Shading Mode"},"sceneLighting":false,"audioPlay":false,"sceneViewState":{"showFog":true,"showMaterialUpdate":true,"showSkybox":false,"showFlares":true,"showImageEffects":true,"showParticleSystems":true},"in2DMode":false,"pivot":{"x":-11.765274047851563,"y":11.103140830993653,"z":2.4958643913269045},"rotation":{"x":0.2678413987159729,"y":0.5719396471977234,"z":-0.20619650185108186,"w":0.747753918170929},"size":0.00005715767838410102,"orthographic":false}