{"cameraMode":{"drawMode":0,"name":"Shaded","section":"Shading Mode"},"sceneLighting":false,"audioPlay":false,"sceneViewState":{"showFog":true,"showMaterialUpdate":true,"showSkybox":false,"showFlares":true,"showImageEffects":true,"showParticleSystems":true},"in2DMode":false,"pivot":{"x":11846.0146484375,"y":245.52471923828126,"z":-172.79083251953126},"rotation":{"x":-0.33057740330696108,"y":-0.42255163192749026,"z":0.16991350054740907,"w":-0.8269446492195129},"size":22.0,"orthographic":false}