{"cameraMode":{"drawMode":0,"name":"Shaded","section":"Shading Mode"},"sceneLighting":true,"audioPlay":false,"sceneViewState":{"showFog":true,"showMaterialUpdate":false,"showSkybox":false,"showFlares":true,"showImageEffects":true,"showParticleSystems":true},"in2DMode":false,"pivot":{"x":-1.6556923389434815,"y":-0.41631147265434267,"z":-0.286425918340683},"rotation":{"x":-0.14294490218162538,"y":0.8293747901916504,"z":-0.24483443796634675,"w":-0.48162850737571719},"size":13.205516815185547,"orthographic":false}