{"cameraMode":{"drawMode":0,"name":"Shaded","section":"Shading Mode"},"sceneLighting":false,"audioPlay":false,"sceneViewState":{"showFog":true,"showMaterialUpdate":true,"showSkybox":false,"showFlares":true,"showImageEffects":true,"showParticleSystems":true},"in2DMode":false,"pivot":{"x":87.60926055908203,"y":19.706432342529298,"z":-0.682917594909668},"rotation":{"x":-0.022669831290841104,"y":0.6831855773925781,"z":0.02009875699877739,"w":0.7299611568450928},"size":87.56133270263672,"orthographic":false}