{"cameraMode":{"drawMode":0,"name":"Shaded","section":"Shading Mode"},"sceneLighting":true,"audioPlay":false,"sceneViewState":{"showFog":true,"showMaterialUpdate":true,"showSkybox":true,"showFlares":true,"showImageEffects":true,"showParticleSystems":true},"in2DMode":false,"pivot":{"x":9.02879810333252,"y":43.56269836425781,"z":-17.966617584228517},"rotation":{"x":-0.4212677478790283,"y":-0.001197799458168447,"z":0.0015370820183306933,"w":-0.9072361588478088},"size":18.245229721069337,"orthographic":false}