{"cameraMode":{"drawMode":0,"name":"Shaded","section":"Shading Mode"},"sceneLighting":false,"audioPlay":false,"sceneViewState":{"showFog":true,"showMaterialUpdate":false,"showSkybox":false,"showFlares":true,"showImageEffects":true,"showParticleSystems":true},"in2DMode":false,"pivot":{"x":1.9875545501708985,"y":-2.0491442680358888,"z":-0.6995244026184082},"rotation":{"x":0.2838047444820404,"y":-0.3566497266292572,"z":0.11476791650056839,"w":0.8826900124549866},"size":18.257200241088868,"orthographic":false}