{"cameraMode":{"drawMode":0,"name":"Shaded","section":"Shading Mode"},"sceneLighting":false,"audioPlay":false,"sceneViewState":{"showFog":true,"showMaterialUpdate":false,"showSkybox":false,"showFlares":true,"showImageEffects":true,"showParticleSystems":true},"in2DMode":false,"pivot":{"x":8.279191970825196,"y":-2.1543655395507814,"z":-4.502655029296875},"rotation":{"x":-0.1659744381904602,"y":0.8314339518547058,"z":-0.332192987203598,"w":-0.4135473668575287},"size":43.71875,"orthographic":false}