{"cameraMode":{"drawMode":0,"name":"Shaded","section":"Shading Mode"},"sceneLighting":false,"audioPlay":false,"sceneViewState":{"showFog":true,"showMaterialUpdate":false,"showSkybox":false,"showFlares":true,"showImageEffects":true,"showParticleSystems":true},"in2DMode":false,"pivot":{"x":-0.9823184013366699,"y":14.333520889282227,"z":-1.9075336456298829},"rotation":{"x":0.2499297708272934,"y":-0.0025897843297570945,"z":-0.000006890620170452166,"w":-0.9683675765991211},"size":21.11769676208496,"orthographic":false}