{"cameraMode":{"drawMode":0,"name":"Shaded","section":"Shading Mode"},"sceneLighting":false,"audioPlay":false,"sceneViewState":{"showFog":true,"showMaterialUpdate":false,"showSkybox":false,"showFlares":true,"showImageEffects":true,"showParticleSystems":true},"in2DMode":false,"pivot":{"x":140.8768310546875,"y":-123.01644134521485,"z":-290.77227783203127},"rotation":{"x":0.0523482970893383,"y":0.9470824003219605,"z":-0.22143539786338807,"w":0.22694770991802216},"size":493.0217590332031,"orthographic":false}