{"cameraMode":{"drawMode":0,"name":"Shaded","section":"Shading Mode"},"sceneLighting":true,"audioPlay":false,"sceneViewState":{"showFog":true,"showMaterialUpdate":true,"showSkybox":true,"showFlares":true,"showImageEffects":true,"showParticleSystems":true},"in2DMode":false,"pivot":{"x":211.35829162597657,"y":-76.8660659790039,"z":-77.8036117553711},"rotation":{"x":-0.1771906614303589,"y":-0.7539567351341248,"z":0.22605054080486298,"w":-0.590893030166626},"size":343.24334716796877,"orthographic":false}