{"cameraMode":{"drawMode":0,"name":"Shaded","section":"Shading Mode"},"sceneLighting":false,"audioPlay":false,"sceneViewState":{"showFog":true,"showMaterialUpdate":true,"showSkybox":false,"showFlares":true,"showImageEffects":true,"showParticleSystems":true},"in2DMode":false,"pivot":{"x":-8.107405662536621,"y":2.473555326461792,"z":9.732540130615235},"rotation":{"x":0.01739841140806675,"y":0.17749552428722382,"z":0.003205448854714632,"w":-0.9840031266212463},"size":21.392414093017579,"orthographic":false}