{"cameraMode":{"drawMode":0,"name":"Shaded","section":"Shading Mode"},"sceneLighting":true,"audioPlay":false,"sceneViewState":{"showFog":true,"showMaterialUpdate":true,"showSkybox":false,"showFlares":true,"showImageEffects":true,"showParticleSystems":true},"in2DMode":false,"pivot":{"x":3.8063454627990724,"y":-4.2534308433532719,"z":-4.070287227630615},"rotation":{"x":-0.019121287390589715,"y":0.9493765234947205,"z":-0.30810046195983889,"w":-0.058762963861227038},"size":13.356538772583008,"orthographic":false}