{"cameraMode":{"drawMode":0,"name":"Shaded","section":"Shading Mode"},"sceneLighting":false,"audioPlay":false,"sceneViewState":{"showFog":true,"showMaterialUpdate":false,"showSkybox":false,"showFlares":true,"showImageEffects":true,"showParticleSystems":true},"in2DMode":false,"pivot":{"x":-69.85221099853516,"y":-5.112407684326172,"z":19.944244384765626},"rotation":{"x":0.26227566599845889,"y":-0.47308531403541567,"z":0.14956432580947877,"w":0.8280887007713318},"size":73.65859985351563,"orthographic":false}