{"cameraMode":{"drawMode":0,"name":"Shaded","section":"Shading Mode"},"sceneLighting":false,"audioPlay":false,"sceneViewState":{"showFog":true,"showMaterialUpdate":false,"showSkybox":false,"showFlares":true,"showImageEffects":true,"showParticleSystems":true},"in2DMode":false,"pivot":{"x":-5.638189315795898,"y":-41.180625915527347,"z":-66.00799560546875},"rotation":{"x":-0.008010629564523697,"y":0.9682989716529846,"z":-0.2487090826034546,"w":-0.03325642645359039},"size":96.86189270019531,"orthographic":false}