{"cameraMode":{"drawMode":0,"name":"Shaded","section":"Shading Mode"},"sceneLighting":false,"audioPlay":false,"sceneViewState":{"showFog":true,"showMaterialUpdate":false,"showSkybox":false,"showFlares":true,"showImageEffects":true,"showParticleSystems":true},"in2DMode":false,"pivot":{"x":0.0,"y":0.20585095882415772,"z":0.7657279968261719},"rotation":{"x":0.02205687016248703,"y":0.11189007014036179,"z":0.002422433579340577,"w":-0.9934966564178467},"size":23.204320907592775,"orthographic":false}