{"cameraMode":{"drawMode":0,"name":"Shaded","section":"Shading Mode"},"sceneLighting":false,"audioPlay":false,"sceneViewState":{"showFog":true,"showMaterialUpdate":false,"showSkybox":false,"showFlares":true,"showImageEffects":true,"showParticleSystems":true},"in2DMode":false,"pivot":{"x":-4.848595142364502,"y":1.0242949724197388,"z":9.596494674682618},"rotation":{"x":0.26010584831237795,"y":-0.11061306297779083,"z":0.029998434707522394,"w":0.9588244557380676},"size":35.64168930053711,"orthographic":false}