{"cameraMode":{"drawMode":0,"name":"Shaded","section":"Shading Mode"},"sceneLighting":false,"audioPlay":false,"sceneViewState":{"showFog":true,"showMaterialUpdate":false,"showSkybox":false,"showFlares":true,"showImageEffects":true,"showParticleSystems":true},"in2DMode":false,"pivot":{"x":0.0,"y":9.50323486328125,"z":0.9817028045654297},"rotation":{"x":-0.12616056203842164,"y":0.15796639025211335,"z":-0.020364973694086076,"w":-0.9794943928718567},"size":44.30438995361328,"orthographic":false}