{"cameraMode":{"drawMode":0,"name":"Shaded","section":"Shading Mode"},"sceneLighting":false,"audioPlay":false,"sceneViewState":{"showFog":true,"showMaterialUpdate":false,"showSkybox":false,"showFlares":true,"showImageEffects":true,"showParticleSystems":true},"in2DMode":false,"pivot":{"x":17.960086822509767,"y":-2.381361722946167,"z":14.534940719604493},"rotation":{"x":-0.06910368800163269,"y":-0.4438089430332184,"z":0.03407984972000122,"w":-0.8931933045387268},"size":33.55342102050781,"orthographic":false}