{"cameraMode":{"drawMode":0,"name":"Shaded","section":"Shading Mode"},"sceneLighting":false,"audioPlay":false,"sceneViewState":{"showFog":true,"showMaterialUpdate":false,"showSkybox":false,"showFlares":true,"showImageEffects":true,"showParticleSystems":true},"in2DMode":false,"pivot":{"x":-2.5237834453582765,"y":1.060363531112671,"z":-0.09567706286907196},"rotation":{"x":0.16157492995262147,"y":0.7133093476295471,"z":-0.1747637689113617,"w":0.6592419743537903},"size":3.1389620304107668,"orthographic":false}